,Job Title,Job link
0,Flutter разработчик (удаленно),https://kazan.hh.ru/vacancy/78491549?from=vacancy_search_list&query=flutter
1,Dart / Flutter разработчик (frontend),https://kazan.hh.ru/vacancy/78585630?from=vacancy_search_list&query=flutter
2,Flutter-программист,https://kazan.hh.ru/vacancy/78956287?from=vacancy_search_list&query=flutter
3,Flutter разработчик,https://kazan.hh.ru/vacancy/78935588?from=vacancy_search_list&query=flutter
4,Flutter разработчик,https://kazan.hh.ru/vacancy/78915533?from=vacancy_search_list&query=flutter
5,Flutter Developer,https://kazan.hh.ru/vacancy/78908698?from=vacancy_search_list&query=flutter
6,Flutter developer (Senior),https://kazan.hh.ru/vacancy/78951440?from=vacancy_search_list&query=flutter
7,Flutter developer (middle+/senior),https://kazan.hh.ru/vacancy/78882383?from=vacancy_search_list&query=flutter
8,IOS developer iPadOS (remote),https://kazan.hh.ru/vacancy/78566849?from=vacancy_search_list&query=flutter
9,Flutter программист (middle - senior),https://kazan.hh.ru/vacancy/78481472?from=vacancy_search_list&query=flutter
10,Программист,https://kazan.hh.ru/vacancy/78799960?from=vacancy_search_list&query=flutter
11,Flutter developer,https://kazan.hh.ru/vacancy/78834470?from=vacancy_search_list&query=flutter
12,Flutter программист,https://kazan.hh.ru/vacancy/78968915?from=vacancy_search_list&query=flutter
13,Dart / Flutter разработчик (frontend) junior+/middle,https://kazan.hh.ru/vacancy/78851482?from=vacancy_search_list&query=flutter
14,Flutter разработчик мобильных приложений на iOS и Android,https://kazan.hh.ru/vacancy/78509322?from=vacancy_search_list&query=flutter
15,Разработчик Flutter developer,https://kazan.hh.ru/vacancy/78777253?from=vacancy_search_list&query=flutter
16,Разработчик Middle Flutter Developer,https://kazan.hh.ru/vacancy/78644996?from=vacancy_search_list&query=flutter
17,Middle/Middle+ Flutter Developer,https://kazan.hh.ru/vacancy/78715026?from=vacancy_search_list&query=flutter
18,Flutter developer,https://kazan.hh.ru/vacancy/78698904?from=vacancy_search_list&query=flutter
19,Flutter Developer (Middle/Senior),https://kazan.hh.ru/vacancy/78376128?from=vacancy_search_list&query=flutter
20,Flutter Developer (Middle/Senior),https://kazan.hh.ru/vacancy/78376167?from=vacancy_search_list&query=flutter
21,Flutter/iOS Native Developer remote,https://kazan.hh.ru/vacancy/78739311?from=vacancy_search_list&query=flutter
22,Flutter разработчик,https://kazan.hh.ru/vacancy/78640422?from=vacancy_search_list&query=flutter
23,Flutter/iOS Native Developer remote,https://kazan.hh.ru/vacancy/78739310?from=vacancy_search_list&query=flutter
24,Flutter - разработчик,https://kazan.hh.ru/vacancy/78652255?from=vacancy_search_list&query=flutter
25,Dart/Flutter Developer,https://kazan.hh.ru/vacancy/78820660?from=vacancy_search_list&query=flutter
26,IOS разработчик Flutter (Middle),https://kazan.hh.ru/vacancy/78593271?from=vacancy_search_list&query=flutter
27,Разработчик Dart/Flutter,https://kazan.hh.ru/vacancy/78350313?from=vacancy_search_list&query=flutter
28,Flutter разработчик,https://kazan.hh.ru/vacancy/78631968?from=vacancy_search_list&query=flutter
29,Back-End Developer,https://kazan.hh.ru/vacancy/78296520?from=vacancy_search_list&query=flutter
30,Flutter разработчик,https://kazan.hh.ru/vacancy/78664041?from=vacancy_search_list&query=flutter
31,Flutter developer Броневик,https://kazan.hh.ru/vacancy/78580141?from=vacancy_search_list&query=flutter
32,IOS разработчик (middle+),https://kazan.hh.ru/vacancy/78715315?from=vacancy_search_list&query=flutter
33,Mobile/Web разработчик на Flutter,https://kazan.hh.ru/vacancy/78452139?from=vacancy_search_list&query=flutter
34,IOS разработчик (middle+),https://kazan.hh.ru/vacancy/78715314?from=vacancy_search_list&query=flutter
35,Rust Developer,https://kazan.hh.ru/vacancy/77199590?from=vacancy_search_list&query=flutter
36,IOS разработчик (middle+),https://kazan.hh.ru/vacancy/78715316?from=vacancy_search_list&query=flutter
37,Разработчик мобильных приложений,https://kazan.hh.ru/vacancy/78274279?from=vacancy_search_list&query=flutter
38,Android-разработчик,https://kazan.hh.ru/vacancy/78591912?from=vacancy_search_list&query=flutter
39,Android-разработчик,https://kazan.hh.ru/vacancy/78591901?from=vacancy_search_list&query=flutter
40,React Native Разработчик (Middle),https://kazan.hh.ru/vacancy/78498525?from=vacancy_search_list&query=flutter
41,Flutter разработчик Junior,https://kazan.hh.ru/vacancy/78335693?from=vacancy_search_list&query=flutter
42,Senior Flutter developer,https://kazan.hh.ru/vacancy/77887647?from=vacancy_search_list&query=flutter
43,Middle Flutter Backend Instructor,https://kazan.hh.ru/vacancy/78817021?from=vacancy_search_list&query=flutter
44,Flutter Developer Android/IOS / WEB platforms,https://kazan.hh.ru/vacancy/78807797?from=vacancy_search_list&query=flutter
45,Flutter разработчик - Middle,https://kazan.hh.ru/vacancy/78618357?from=vacancy_search_list&query=flutter
46,Flutter developer,https://kazan.hh.ru/vacancy/78566689?from=vacancy_search_list&query=flutter
47,Ментор по Flutter (Dart),https://kazan.hh.ru/vacancy/78446186?from=vacancy_search_list&query=flutter
48,Flutter mobile mutaxassisi,https://kazan.hh.ru/vacancy/78749937?from=vacancy_search_list&query=flutter
49,Midle+/Senior Flutter dasturchisi,https://kazan.hh.ru/vacancy/78656636?from=vacancy_search_list&query=flutter
